지역,가맹점명,분류,주소,전화번호
서울,정보화마을 농촌체험,관광지,서울특별시 강남구  테헤란로25길 50 304호,1833-2990
서울,(주)하나투어,여행사,서울특별시 종로구  인사동5길 41 하나빌딩 ,1577-1233
서울,하나프리티켓,공연,서울특별시 종로구  인사동5길 41 하나빌딩 ,1566-6668
서울,NH여행,여행사,서울특별시 서대문구  통일로 81 임광빌딩 ,1899-0582
서울,(주)롯데월드 아쿠아리움,관광지,서울특별시 송파구  올림픽로 300 ,1661-2000
서울,주식회사 호미화방,미술,서울특별시 마포구  홍익로3길 20 서교오피스텔 ,02-336-8181
서울,(주)피엠씨프러덕션 난타,공연,서울특별시 종로구  대학로 57 홍익대학교대학로캠퍼스 11층,02-739-8288
서울,노원문화예술회관,공연,서울특별시 노원구  중계로 181 노원문화예술회관 ,02-2289-3400
서울,(주)신시컴퍼니,공연,서울특별시 서초구  논현로5길 31-14 예일빌딩 ,02-577-1987
서울,재단법인 세종문화회관,공연,서울특별시 종로구  세종대로 175 ,02-399-1000
서울,(재)마포문화재단,공연,서울특별시 마포구  대흥로20길 28 마포아트센터 ,02-3274-8500
서울,아르코예술극장,공연,서울특별시 종로구  대학로8길 7 한국문예회관 ,02-3668-0007
서울,정태영삼(㈜스마트인피니),여행사,서울특별시 강남구  압구정로42길 27 한국종합기술개발공사 3층,1661-9339
서울,롯데컬처웍스㈜롯데시네마 건대입구(온라인),영상,서울특별시 광진구 아차산로 272 ,1544-8855
서울,롯데컬처웍스㈜롯데시네마 김포공항(온라인),영상,서울특별시 강서구  하늘길 38 ,1544-8855
서울,롯데컬처웍스㈜롯데시네마 노원(온라인),영상,"서울 노원구 동일로 1414 (상계동, 롯데백화점노원점) 10층 ",1544-8855
서울,롯데컬처웍스㈜롯데시네마 독산(온라인),영상,서울특별시 금천구 시흥대로 399 ,1544-8855
서울,롯데컬처웍스㈜롯데시네마 수유(온라인),영상,서울특별시 강북구 도봉로 30810-14층 ,1544-8855
서울,롯데컬처웍스㈜롯데시네마 신도림(온라인),영상,"서울특별시 구로구 경인로 662제타워동 7,8층 ",1544-8855
서울,롯데컬처웍스㈜롯데시네마 신림(온라인),영상,서울 관악구 신림동1641-2 포도몰 10층-15층 ,1544-8855
서울,㈜파랑새투어,여행사,서울특별시 중구  무교로 32 효령빌딩 ,02-755-8555
서울,롯데컬처웍스㈜롯데시네마 에비뉴엘(온라인),영상,"서울 중구 소공동에비뉴엘 6층, 7층 ",1544-8855
서울,롯데컬처웍스㈜롯데시네마 영등포(온라인),영상,"서울 영등포구 경인로 102길 13 (영등포동, 시네마동) 7층 ",1544-8855
서울,롯데컬처웍스㈜롯데시네마 용산(온라인),영상,서울특별시 용산구 청파로 744~5층 ,1544-8855
서울,롯데컬처웍스㈜롯데시네마 월드타워(온라인),영상,서울특별시 송파구 올림픽로 300엔터동롯데시네마 5~11층 ,1544-8855
서울,롯데컬처웍스㈜롯데시네마 청량리(온라인),영상,서울 동대문구 전농동591-53 ,1544-8855
서울,롯데컬처웍스㈜롯데시네마 합정(온라인),영상,서울 마포구 합정동메세나폴리스 2층 ,1544-8855
서울,롯데컬처웍스㈜롯데시네마 홍대입구(온라인),영상,서울특별시 마포구 양화로 176 ,1544-8855
서울,홍익여행㈜,여행사,서울특별시 중구  통일로 26 한일빌딩 12층,02-717-1002
서울,대한극장,영상,서울특별시 중구  퇴계로 212 대한극장 ,02-3393-3500
서울,펜션라이프,숙박,서울특별시 강남구  논현로75길 8 비드 빌딩 ,1544-7317
서울,대한항공,교통수단,서울특별시 강서구  하늘길 260 대한항공 ,02-2656-7114
서울,CGV,영상,서울특별시 용산구  한강대로23길 55 용산민자역사 아이파크몰 6층,1544-1122
서울,교보문고,도서,서울특별시 종로구  종로 1 교보생명빌딩 ,1544-1900
서울,(주)여행박사,여행사,서울특별시 용산구  한강대로 313 ,02-6717-2700
서울,티머니(고속버스),교통수단,서울특별시 서초구  신반포로 194 강남고속버스터미널 ,1644-9030
서울,노랑풍선,여행사,"서울특별시 중구 수표로 31, 노랑풍선빌딩 ",1588-4954
서울,예림당,도서,서울특별시 성동구  아차산로 153 예림출판문화센터 ,02-566-1004
서울,도서출판 점자 (주식회사 도서출판점자),도서,"서울 성동구 아차산로17길 57, 1203호 (성수동2가, 일신건영휴먼테코) ",02-3426-7511
서울,롯데컬처웍스㈜롯데시네마 서울대입구(온라인),영상,서울특별시 관악구 남부순환로 182010~12층 ,1544-8855
서울,서울레코드,음악,서울특별시 종로구  종로 154 서울레코드,02-2265-9298
서울,웨슬리퀘스트안양KGC 인삼공사 배구단 (KGC인삼공사 스포츠센터),스포츠관람,서울특별시 마포구  성암로 189 중소기업 DMC 타워 8층 웨슬리퀘스트,02-752-8041
서울,웨슬리퀘스트 수원 현대건설 힐스테이트(수원실내체육관),스포츠관람,서울특별시 마포구  성암로 189 중소기업 DMC 타워 8층 웨슬리퀘스트,02-752-8041
서울,작가의 탄생,도서,서울특별시 용산구  청파로47길 90 숙명여자대학교 숙명여대 창업보육센터 302호,02-1522-3864
서울,(주)로망스투어,여행사,서울특별시 구로구  경인로53가길 10 구로대명벨리온 1304호,02-318-1664
서울,하이뮤직,음악,서울특별시 양천구  오목로42길 5 1층 하이뮤직,02-1661-5689
서울,(재)서울문화재단 남산예술센터,공연,서울특별시 중구  소파로 138 남산예술센터,02-758-2150
서울,티머니(시외버스),교통수단,서울특별시 중구  후암로 110 서울시티타워빌딩 10층 ,1644-3070
서울,쏙쏙체험(주식회사 쏙쏙),여행사,서울특별시 광진구  능동로 318 정우빌딩 301호,02-2633-7131
서울,WATERGATE (워터게이트),체육용품,서울특별시 강남구  선릉로 524 선릉대림아크로텔 621호 ,070-4677-1102
서울,서울대운동용품,체육용품,서울특별시 관악구  관악로 1 서울대학교 71동 종합체육관 1층,02-880-5234
서울,리디북스(리디 주식회사),도서,서울특별시 강남구  테헤란로 325 어반벤차빌딩 10층,1644-0331
서울,서울돈화문국악당((주)인사이트모션 서울돈화문국악당),공연,서울특별시 종로구  율곡로 102 ,02-3210-7001
서울,승우여행사,여행사,서울특별시 용산구  한강대로 162-2 202호,02-720-8311
서울,웨슬리퀘스트 서울 우리카드 위비(서울장충체육관),스포츠관람,서울특별시 마포구  성암로 189 중소기업 DMC 타워 8층웨슬리퀘스트,02-752-8041
서울,(주)모두투어네트워크,여행사,서울특별시 중구  을지로 16 프레지던트호텔 백남빌딩 5층,02-755-6776
서울,웨슬리퀘스트 성남 한국도로공사 하이패스 (성남실내체육관),스포츠관람,서울특별시 마포구  성암로 189 중소기업 DMC 타워 8층 웨슬리퀘스트,02-752-8041
서울,웨슬리퀘스트 인천 흥국생명핑크스파이더스(인천계양체육관),스포츠관람,서울특별시 마포구  성암로 189 중소기업 DMC 타워 8층 웨슬리퀘스트,02-752-8041
서울,웨슬리퀘스트 수원 한국전력빅스톰(수원실내체육관),스포츠관람,서울특별시 마포구  성암로 189 중소기업 DMC 타워 8층 웨슬리퀘스트,02-752-8041
서울,KCDF온라인숍 공예정원,미술,서울특별시 종로구  율곡로 53 해영회관 5층,1588-7915
서울,떠나요닷컴(숙박)(주식회사 떠나요),숙박,서울특별시 성동구  광나루로6길 54 2층,02-813-0960
서울,여기어때((주)여기어때컴퍼니),숙박,"서울 강남구 봉은사로 479, 11층(삼성동, 479타워) ",1544-4087
서울,웨이브(wavve)(콘텐츠웨이브주식회사),영상,"서울 마포구 상암산로 82, 14층 ",1599-3709
서울,아고다,숙박,"서울 중구 을지로 100, 9층(을지로2가, 파인에비뉴) ",02-6022-2443
서울,서울자전거 따릉이(서울시설공단),체육용품,서울 중구 세종대로 110 ,1599-0120
서울,경은어쿠스틱(경은상사),음악,서울특별시 종로구  삼일대로 428 낙원상가 2층 B동 282호(낙원동),02-744-6433
서울,알라딘,도서,서울특별시 중구  서소문로 26 ,1544-2514
서울,문화N티켓(한국문화정보원),공연,서울특별시 마포구  월드컵북로 400 문화콘텐츠센터 6층,02-3153-2841
서울,SR(주식회사 에스알),교통수단,서울특별시 강남구  광평로 281 ,1800-1472
서울,찍스((주)디지털포토),미술,서울 서초구 반포대로20길 28(서초동) 찬우빌딩 2층 ,02-6710-2232
서울,두산아트센터(재단법인 두산연강재단),공연,서울특별시 종로구  종로33길 15 두산아트센터 ,02-708-5001
서울,마이다노,체육시설,서울특별시 마포구  토정로 271 대현빌딩 ,070-7777-3036
서울,class101(주식회사클래스101),문화체험,서울특별시 중구  통일로 10 연세세브란스빌딩 18층,1800-2109
서울,야놀자,숙박,서울 강남구 테헤란로 108길 42 ,1644-1346
서울,YES24 티켓(예스24),공연,"서울시 영등포구 은행로 11, 5층~6층(여의도동,일신빌딩) ",1544-6399
서울,노원우주학교,관광지,서울특별시 노원구  동일로205길 13 서울영어과학교육센터 노원우주학교,02-971-6232
서울,올림픽기념국민생활관,체육시설,서울 종로구 성균관로 91 ,02-745-6701
서울,종로구민회관,체육시설,서울 종로구 지붕로5길 7-5 ,02-2148-4059
서울,플레이티켓(플티 주식회사),공연,서울특별시 서대문구  증가로29길 36 한양아트빌 501호,02-322-3658
서울,WATCHA(왓챠),영상,서울특별시 서초구  강남대로 343 신덕빌딩 신덕빌딩 3층,070-7554-9696
서울,종로문화체육센터(종로구시설관리공단),체육시설,서울 종로구 인왕산로1길 21 ,02-732-9393
서울,인터파크 도서,도서,서울특별시 강남구  삼성로 512 삼성동빌딩 10층,1577-2555
서울,삼성썬더스 SHOP(㈜조이포스플러스),체육용품,서울 중구 퇴계로36가길 90 ,02-356-0273
서울,창원LG SHOP(㈜조이포스플러스),체육용품,서울 중구 퇴계로36가길 90 ,02-356-0273
서울,YES24 도서(예스24),도서,서울특별시 영등포구  은행로 11 일신빌딩 5층~6층,1544-3800
서울,YES24 음반(예스24),음악,서울특별시 영등포구  은행로 11 일신빌딩 5층~6층,1544-3800
서울,포토몬(메이비원㈜),미술,서울 강서구 마곡중앙8로1길6 ,070-7167-5200
서울,페이지터너(주식회사 페이지터너),공연,서울특별시 마포구  양화로15안길 6 ,02-337-9966
서울,한국방송통신대학교출판문화원,도서,서울특별시 종로구  이화장길 54 이화빌딩 ,02-3668-4761
서울,웨슬리퀘스트 의정부 KB손해보험 스타즈(의정부실내체육관),스포츠관람,서울특별시 마포구  성암로 189 중소기업 DMC 타워 8층 웨슬리퀘스트,02-752-8041
서울,웨슬리퀘스트 안산 OK저축은행 러쉬앤케시(안산상록수체육관),스포츠관람,서울특별시 마포구  성암로 189 중소기업 DMC 타워 8층 웨슬리퀘스트,02-752-8041
서울,웨슬리퀘스트 IBK기업은행 알토스(화성종합경기타운),스포츠관람,서울특별시 마포구  성암로 189 중소기업 DMC 타워 8층 웨슬리퀘스트,02-752-8041
서울,중앙악기주식회사,음악,서울특별시 종로구  삼일대로 428 낙원상가 320호 (낙원빌딩 3층),02-3672-6000
서울,관악구시설관리공단,체육시설,서울 관악구 남부순환로 1369 관악농협농산물백화점 5층 2호 ,02-2081-2600
서울,art#(아트샵)((사)한국예술문화단체총연합회),미술,서울특별시 양천구  목동서로 225 예술인회관 9층 한국예총,02-2655-3001
서울,롯데컬처웍스㈜롯데시네마 도곡(온라인),영상,서울 강남구 남부순환로 2753 ,1544-8855
서울,U+모바일tv((주)엘지유플러스),영상,서울특별시 용산구  한강대로 32 ,1544-0010
서울,무지개수영복(주식회사무지개수영복),체육용품,"서울특별시 중구  소월로 3 롯데손해보험빌딩 지하1층 87, 97, 98호",02-318-0403
서울,동대문구 통합예약 사이트(서울특별시동대문구시설관리공단),체육시설,서울특별시 동대문구  청계천로 521 ,02-2247-9659
서울,좋은생각사람들,도서,서울특별시 마포구  월드컵북로 22 ,02-337-0332
서울,정보화마을 인빌숙박(사단법인 정보화마을 중앙협의회),숙박,서울특별시 강남구  테헤란로25길 50 304호,1833-2990
서울,디어(주식회사 디어코퍼레이션),체육용품,서울특별시 성동구  광나루로4길 13 다원빌딩 ,02-1577-2956
서울,자이언츠샵(롯데자이언츠 공식응원용품점)((주)에프에스,체육용품,서울 송파구 백제고분로 421 동화빌딩 401호 (송파동 47-5) ,02-416-7326
서울,KBO마켓((주)케이엔코리아),체육용품,서울특별시 강남구  삼성로81길 6 정산빌딩 케이엔빌딩,02-2265-0794
서울,ViBLE(바이블)(주식회사 스튜디오바이블(studio vible inc.)),문화체험,서울특별시 용산구  한남대로20길 61 2층,02-6352-1390
서울,티빙,영상,서울특별시 마포구  상암산로 66 CJ E&M CENTER ,1670-1525
서울,씽씽,체육용품,서울특별시 강남구  언주로 534 BJ타워 10층,1670-3737
서울,시립성북청소년센터,체육시설,서울 성북구 한천로 660-9 ,02-3292-1318
서울,중랑문화체육관 수영장,체육시설,서울 중랑구 사가정로72길 47 ,02-436-9200
서울,서울장애인복지관 수중재활센터,체육시설,서울 강동구 고덕로 201 ,02-440-5732
서울,흰물결아트센터,공연,서울특별시 서초구  반포대로 150 흰물결아트센터 4층,02-535-7004
서울,텀블벅(텀블벅 주식회사),공연,서울특별시 중구  청계천로 100 시그니쳐타워 서관 9층,02-6080-0760
서울,마포아트센터 체육관,체육시설,서울특별시 마포구  대흥로20길 28 마포아트센터 ,02-3274-8519
서울,정보화마을 레저체험,체육시설,서울특별시 강남구  테헤란로25길 50 ,1833-2990
서울,강동아트센터,공연,서울특별시 강동구  동남로 870 강동아트센터 ,02-440-0500
서울,소닉붐 몰(㈜조이포스플러스),체육용품,서울 중구 퇴계로36가길 90 ,02-356-0273
서울,인터파크 티켓 스포츠,스포츠관람,서울 강남구 삼성로 512 삼성동빌딩 10층 ,1544-1555
서울,국립국악원,공연,서울특별시 서초구  남부순환로 2364 국립국악원 ,02-580-3300
서울,인터파크 티켓 공연,공연,서울 강남구 삼성로 512 삼성동빌딩 10층 ,1544-1555
서울,서령필방,미술,서울특별시 종로구  삼일대로28길 16 하정빌딩 3층 ,02-745-9919
서울,두산 베어스(㈜위팬),체육용품,서울 송파구 올림픽로25 잠실야구장 ,1588-7632
서울,YES24영화(예스24),영상,서울특별시 영등포구  은행로 11 일신빌딩 파이서브코리아,1544-7758
서울,예술의전당(SAC Ticket),공연,서울특별시 서초구  남부순환로 2406 예술의전당 ,02-580-1300
서울,오디언(audien)(주식회사 오디언소리),도서,서울특별시 마포구  월드컵북로 396 누리꿈스퀘어 비즈니스타워 8층,02-3151-8826
서울,클립서비스(CLIPservice)(클립서비스주식회사),공연,서울특별시 강남구  강남대로 564 원빌딩 2층,1577-3363
서울,오르다꿈,도서,서울특별시 성북구  종암로 167 동일하이빌뉴시티 102-1701,070-4146-0159
서울,두산베어스(㈜네포스),체육용품,"서울 송파구 올림픽로 25 잠실종합운동장, 베어스하우스 ",1566-0807
서울,KHmall(한국문화재재단),미술,서울특별시 중구  퇴계로36가길 18-1 민성빌딩 ,02-730-0990
서울,티웨이항공,교통수단,서울특별시 강서구  하늘길 210 한국항공화물청사 3층,1688-8686
서울,지니뮤직,음악,서울 용산구 한강대로 366 트윈시티남산 10층 ,1577-5337
서울,한국관광명품점,미술,서울특별시 종로구  인사동5길 14 ,02-735-6529
서울,여행공방(주식회사 여행공방),여행사,서울특별시 용산구  한강대로21나길 7 철도회관 907호,02-1644-7786
서울,알파카(주식회사 매스아시아),체육용품,서울특별시 서초구  주흥3길 9 ,02-6959-8500
서울,불교전문서점,도서,서울특별시 종로구  우정국로 56 지하1층,02-2031-2070
서울,SOTX(쏘텍스)(쏘텍스코리아),체육용품,서울특별시 은평구  서오릉로 265 세움교회 SOTX(쏘텍스),02-2613-1626
서울,가보고싶은섬(한국해운조합),교통수단,서울특별시 강서구  공항대로 379 한국해운조합 ,02-6096-2266
서울,정보화마을 주말농장,관광지,서울특별시 강남구  테헤란로25길 50 304호,1833-2990
서울,카운티스((주)카운티스),음악,서울특별시 송파구  삼전로9길 20 2층,02-744-9879
서울,마곡레포츠센터,체육시설,서울 강서구 양천로 251 ,02-3663-7171
서울,공항동문화체육센터,체육시설,서울 강서구 송정로 34 ,02-2666-9003
서울,궁산다목적체육관,체육시설,서울 강서구 양천로 49길 106 ,02-2607-9023
서울,수명산다목적체육관,체육시설,서울 강서구 강서로45길 131-11 수명산근린공원 ,02-6229-6682
서울,스포츠콕(주식회사 플레이콕),체육시설,서울특별시 성동구  뚝섬로13길 38 상상플래닛 s504호 ,070-4710-8551
서울,마곡실내배드민턴장,체육시설,서울특별시 강서구  양천로 251 마곡레포츠센터 ,02-2063-3990
서울,에어부산,교통수단,부산광역시 강서구  유통단지1로57번가길 6 ,1666-3060
서울,(재)국립극단,공연,서울특별시 용산구  청파로 373 ,1644-2003
서울,은평통일로스포츠센터(은평구청),체육시설,"서울특별시 은평구  통일로 1045 1,2층",02-353-7330
서울,강동유소년스포츠센터,체육시설,서울 강동구 상일로12길 60 ,02-3428-7979
서울,수서청소년수련관 체육관,체육시설,서울 강남구 광평로 144 ,02-2226-3611
서울,구로구민체육센터,체육시설,서울 구로구 고척로45길 39 ,02-2067-9330
서울,강북청소년센터 체육관(시립강북청소년센터),체육시설,서울 강북구 4.19로 74 ,02-6715-6600
서울,GOODNEWS BOOK(주식회사 기쁜소식사),도서,서울특별시 양천구  신월로24길 8 기쁜소식사사옥 ,02-2690-8860
서울,주식회사 밀리의서재,도서,"서울 마포구 상암산로 76, 13층 (상암동, YTN뉴스퀘어) ",070-7510-5415
서울,대학로예술극장,공연,서울특별시 종로구  대학로10길 17 동숭동복합건물 ,02-3668-0007
서울,인터파크 영화,영상,서울특별시 강남구  삼성로 512 삼성동빌딩 10층,1544-1555
서울,호텔타임,숙박,서울특별시 강남구  봉은사로 479 ,1577-5770
서울,메가박스,영상,"서울특별시 성동구 왕십리로 50, 6층 ",1544-0070
서울,버스타고(전국버스운송사업조합연합회),교통수단,서울특별시 동작구  보라매로5길 51 ,1644-2992
서울,(주)여행스케치여행사,여행사,서울특별시 용산구  원효로 259-1 화일빌딩 4층,02-701-2506
서울,사적인서점,도서,서울특별시 송파구  올림픽로 269 롯데캐슬골드 지하1층 교보잠실점 내 사적인서점,070-4151-1001
서울,청파서점((주)천원사),도서,서울특별시 용산구  청파로63길 3 성화빌딩 ,02-701-0110
서울,동작문화원,문화체험,서울특별시 동작구  장승배기로10길 42 동작문화복지센타 ,02-822-8500
서울,롯데시네마 중랑(온라인),영상,서울 중랑구 동일로 951 ,1544-8855
서울,SK나이츠 온라인샵(㈜조이포스플러스),체육용품,서울특별시 중구  퇴계로36가길 90 2층,02-356-0273
서울,템플스테이(한국불교문화사업단),관광지,서울특별시 종로구  우정국로 56 템플스테이 통합정보센터 4층 ,02-2031-2000
서울,서울 삼성 썬더스,스포츠관람,서울 송파구 올림픽로 25 잠실실내체육관 ,1588-7890
서울,서울 SK 나이츠,스포츠관람,서울 송파구 올림픽로 25 ,1588-7890
서울,홈티켓((주)코어웍스),관광지,서울특별시 송파구  백제고분로17길 52 도원빌딩 202호,02-413-0045
서울,국립박물관 문화재단 온라인몰 (뮤지엄샵),미술,서울특별시 용산구  서빙고로 137 국립중앙박물관 ,02-2077-2946
서울,KOVO마켓((주)케이엔코리아),체육용품,서울특별시 강남구  삼성로81길 6 정산빌딩 3층,1688-8176
서울,미술가게(MMCA SHOP),미술,서울특별시 종로구  삼청로 30 ,02-720-9870
서울,롯데시네마 강동(온라인),영상,서울특별시 강동구 천호옛길 85 ,1544-8855
서울,강남씨어터(강남문화재단),공연,서울 강남구 역삼로7길 16 ,02-2176-0724
서울,오유아트홀(강남문화재단),공연,서울 강남구 남부순환로378길 34-9 ,02-2276-0743
서울,오류아트홀((재)구로문화재단),공연,서울 구로구 경인로20가길 38 ,02-2029-1735
서울,꿈나무극장((재)구로문화재단),공연,서울 구로구 구로동로26길 54 ,02-2029-1735
서울,반포심산아트홀((재)서초문화재단),공연,"서울 서초구 사평대로55(반포동), 심산기념문화센터 ",02-3477-2805
서울,롯데시네마 브로드웨이(신사)(온라인),영상,서울특별시 강남구 도산대로8길 8 ,1544-8855
서울,시사저널(주식회사 시사저널사),도서,서울특별시 용산구  한강대로43길 5 서울문화사일요신문사 시사저널,02-3703-7100
서울,먹스킹,공연,서울특별시 마포구  방울내로5길 42 서울특별시 청년교류공간 2층 먹스킹,070-8065-7018
서울,포널스출판사,도서,서울특별시 강북구  노해로8길 22 경남아너스빌 상가 311호,02-905-9671
서울,(주)공감만세,여행사,서울특별시 중구  청계천로 40 한국관광공사 8층 21호,02-2135-3611
서울,서울책보고,도서,서울특별시 송파구  오금로 1 서울책보고,02-6951-4977
서울,주식회사 터치포굿,미술,서울특별시 종로구  동망산길 28 스카이캐슬 3층(숭인동),02-6349-9006
서울,장미악기,음악,서울특별시 서초구  반포대로 30 성원빌딩 303호,02-586-8484
서울,롯데시네마 장안(온라인),영상,서울특별시 동대문구  답십리로 288 바우하우스 11층,1544-8855
서울,우리악기사,음악,서울특별시 송파구  송파대로 447 ,02-2202-8884
서울,예음악기(예음피아노악기),음악,서울특별시 관악구  관악로 212 관악프라자 1층 20호 ,02-883-6668
서울,롯데컬처웍스㈜롯데시네마 가산디지털(온라인),영상,서울특별시 금천구 디지털로10길 9 ,1544-8855
서울,롯데컬처웍스㈜롯데시네마 은평(롯데몰)(온라인),영상,서울특별시 은평구  통일로 1050 ,1544-8855
서울,북한산생태탐방원(국립공원공단),관광지,서울 도봉구 도봉산길 86 ,1670-9201
서울,한복상점(재단법인한국공예디자인문화진흥원),문화체험,서울특별시 종로구  율곡로 33 안국빌딩 8층,02-398-1644
서울,가톨릭인터넷서점 바오로딸,도서,서울특별시 강북구  오현로7길 34 성바오로딸수도회 ,02-944-0807
서울,라프텔(리디 주식회사),영상,"서울특별시 강남구  테헤란로 325 어반벤치빌딩 4,10,11층",1644-0331
서울,그린카,교통수단,서울특별시 강남구  테헤란로70길 16 6층,080-2000-3000
서울,유기유,미술,서울특별시 영등포구  의사당대로 1 국회 소통관 1층,02-3775-0988
서울,마노컴퍼니,도서,서울특별시 영등포구  선유동2로 57 이레빌딩 신관 16층,070-7606-8585
서울,종로문화재단 상촌재,문화체험,서울 종로구 자하문로17길 12-11(옥인동 19-16) ,02-6013-1142
서울,예솔뮤직,음악,서울특별시 종로구  삼일대로 428 낙원상가 2층 26호,070-7798-4678
서울,국립극장,공연,서울 중구  장충단로 59 국립극장 ,02-2280-4114
서울,대교 드림멘토((주)대교),문화체험,서울특별시 관악구  보라매로3길 23 대교빌딩 6층,02-829-0523
서울,아이엠스포츠,체육용품,서울특별시 마포구  월드컵북로 118 지하 1층,02-6439-8989
서울,아가페뮤직,음악,서울특별시 종로구  삼일대로 428 낙원상가 2층 25호,02-3676-6699
서울,팝업시네마(모두를위한극장공정영화협동조합),영상,서울특별시 은평구  통일로 684 서울혁신파크 1동 414호,02-2632-5800
서울,FLO(플로),음악,서울특별시 서초구  강남대로 311 한화생명보험빌딩 드림플러스 15F,1599-6034
서울,아시아나항공(주),교통수단,서울특별시 강서구  오정로 443-83 아시아나항공 ,1588-8000
서울,가네샤요가프랍스(엔씨엔스페이스 주식회사),체육용품,서울특별시 구로구  디지털로32길 30 코오롱디지털타워빌란트 1201호,0507-1309-2691
서울,뮤직시티,음악,서울특별시 강북구  인수봉로72길 42 극동아파트 극동상가 지하 1층,070-4312-4491
서울,행복카,교통수단,서울특별시 강남구  강남대로 556 논현빌딩 11층,1566-6560
서울,어쿠스틱갤러리,음악,서울특별시 마포구  독막로2길 12 2층,02-337-3343
서울,디어박스(주식회사 오픈유어아츠),문화체험,서울특별시 성동구  뚝섬로1나길 5 헤이그라운드(HEYGROUND) 7층 S718,070-7572-4761
서울,코레일관광개발,여행사,서울 용산구 청파로 378 ,1544-7755
서울,주식회사 페르소나,공연,서울특별시 종로구  삼일대로 386 시네코아 ,02-766-0815
서울,웰리루틴(주식회사 더라피스),문화체험,서울특별시 종로구  새문안로3길 3 내일신문 5층 506호,02-6956-5424
서울,북코아,도서,서울특별시 서초구  서초대로 397 부띠크 모나코 1701호,1544-2949
서울,진에어,교통수단,서울특별시 강서구  공항대로 453 등촌동KAL빌딩 ,1600-6200
서울,롯데시네마 가양(온라인),영상,서울 강서구 양천로 476 ,1544-8855
서울,인터파크 티켓 레저,관광지,"서울 강남구 삼성로 512, 삼성동빌딩 10층 ",1544-1555
서울,호텔패스,숙박,서울 중구 퇴계로 307 광희빌딩 13층 ,02-2268-9800
서울,한화이글스(주식회사 위팬),체육용품,서울특별시 송파구  올림픽로 25 서울종합운동장 ,1588-7632
서울,서울어린이대공원 놀이동산,관광지,서울특별시 광진구  능동로 216 어린이대공원 ,070-4240-6463
서울,SPOTV NOW,영상,서울특별시 마포구  월드컵북로56길 12 Trutec Building 트루텍빌딩 6층,02-539-3633
서울,주식회사 위홈,숙박,서울특별시 마포구  양화로 147 아일렉스 4층,1544-5665
서울,서대문형무소역사관,미술,서울 서대문구 통일로 251 ,02-360-8590
서울,윌라,도서,서울특별시 서초구  서초대로 398 BNK디지털타워 11층,02-6206-3240
서울,아트하우스모모((주)영화사백두대간),영상,서울특별시 서대문구  이화여대길 52 이화여자대학교 ECC B402,02-363-5333
서울,중곡문화체육센터(광진구시설관리공단),체육시설,서울특별시 광진구  능동로 433 중곡문화체육센터 ,02-3408-4900
서울,인터파크 투어,여행사,서울 강남구 삼성로 512 삼성동빌딩 10층 ,1588-3443
서울,광진구민체육센터(광진구시설관리공단),체육시설,서울특별시 광진구  구천면로 14 광진구민체육센타 ,02-3408-4800
서울,도레미악기,음악,서울특별시 종로구  삼일대로 428 낙원상가 2층 83호,02-745-9934
서울,일레클(elecle)(주식회사 나인투원),체육용품,서울특별시 종로구  종로 51 종로타워 위워크,070-7458-8810
서울,감성에듀,문화체험,서울특별시 서초구  강남대로107길 21 대능빌딩 2층,1522-8308
서울,롯데시네마 수락산(온라인),영상,"서울 노원구 동일로 1660, 3층 ",1544-8855
서울,감성몰,음악,서울특별시 서초구  강남대로107길 21 대능빌딩 2층,031-722-6222
서울,원더월(WONDERWALL),문화체험,서울특별시 강남구  도산대로 145 인우빌딩 7층,02-6409-9888
서울,제주항공,교통수단,서울특별시 강서구  하늘길 210 한국항공화물청사 366,1599-1500
서울,광진문화예술회관(광진구시설관리공단),체육시설,서울특별시 광진구  능동로 76 광진문화예술회관 및 구의회청사 ,02-3408-4570
서울,웹투어(주),여행사,서울특별시 종로구  인사동5길 29 태화빌딩 11층,02-2222-2525
서울,트립비토즈,숙박,서울특별시 강남구  테헤란로 415 (주)호텔롯데 L7 강남 301호,02-711-6880
서울,클래스유(주식회사 모두의클래스),문화체험,서울특별시 중구  남대문로9길 24 501호,070-7605-9636
서울,영풍문고 온라인몰,도서,서울 강남구 강남대로 542 ,1544-9020
서울,(주)넥스투어,여행사,서울특별시 종로구  인사동5길 29 태화빌딩 11층,02-2222-6666
서울,구로문화재단,공연,서울특별시 구로구  가마산로25길 9-24 구로구의회 ,02-2029-1700
서울,제주닷컴,여행사,서울특별시 강남구  논현로75길 8 비드 빌딩 지하1층 제주닷컴 본점,1544-3100
서울,스윗듀(SWEETDEW) ,문화체험,서울특별시 동작구  노량진로 10 여성가족복합시설 스페이스살림 지하1층 C047호,050-8439-4494
서울,데일리호텔,숙박,서울 강남구 테헤란로108길 42 엠디엠타워 ,1800-9120
서울,중계구민체육센터,체육시설,서울특별시 노원구  노원로22길 1 노원구민체육센타 중계구민체육센터,02-2289-6800
서울,반도몰,음악,서울특별시 종로구  삼일대로 428 낙원상가 2층 A225호,02-742-9929
서울,반도스탠드,음악,서울특별시 종로구  삼일대로 428 낙원상가 2층 A221호,02-742-9929
서울,화방넷,미술,서울특별시 성북구  동소문로25길 20-16 (주)미술넷커뮤니케이션 ,02-924-0099
서울,소월아트홀(성동문화재단),공연,서울특별시 성동구  왕십리로 281 성동문화회관 ,02-2204-6400
서울,월계구민체육센터,체육시설,서울특별시 노원구  월계로 298 월계구민체육센터,02-2289-6870
서울,서원서예백화점,미술,서울특별시 종로구  인사동4길 17 건국빌딩(건국관) 106호,02-739-9500
